{
  "total_epochs": 2,
  "best_val_loss": 0.1572025106138426,
  "best_model_path": "models\\checkpoints\\best.pt",
  "final_train_loss": 0.06958468671897944,
  "final_val_loss": 0.1572025106138426,
  "train_losses": [
    0.17336618918038593,
    0.06958468671897944
  ],
  "val_losses": [
    0.3513025138147864,
    0.1572025106138426
  ],
  "on_target_train_losses": [
    0.0886261869484315,
    0.06690010844613425
  ],
  "on_target_val_losses": [
    0.18490471633998595,
    0.04603910206424189
  ],
  "off_target_train_losses": [
    0.16948000162834886,
    0.005369155337081155
  ],
  "off_target_val_losses": [
    0.33279558513032304,
    0.22232681588872083
  ]
}