{
  "train": [
    {
      "total_loss": 0.17336618918038593,
      "on_target_loss": 0.0886261869484315,
      "off_target_loss": 0.16948000162834886,
      "batch_count": 32
    },
    {
      "total_loss": 0.06958468671897944,
      "on_target_loss": 0.06690010844613425,
      "off_target_loss": 0.005369155337081155,
      "batch_count": 32
    }
  ],
  "val": [
    {
      "total_loss": 0.3513025138147864,
      "on_target_loss": 0.18490471633998595,
      "off_target_loss": 0.33279558513032304,
      "batch_count": 32,
      "on_target_spearman_r": 0.3745059288537549,
      "on_target_spearman_pval": 0.07830136218924433,
      "on_target_pearson_r": 0.41637367010116577,
      "on_target_pearson_pval": 0.048120990585045015,
      "on_target_mae": 0.49980854988098145,
      "on_target_rmse": 0.5679320206762474,
      "on_target_mse": 0.3225467801094055,
      "on_target_pred_mean": 0.9334417581558228,
      "on_target_pred_std": 0.0022147048730403185,
      "on_target_target_mean": 0.4339068830013275,
      "on_target_target_std": 0.2711215615272522,
      "off_target_balanced_accuracy": 0.5,
      "off_target_f1_score": 0.0,
      "off_target_auroc": 0.5,
      "off_target_auprc": 0.5107296137339056,
      "off_target_threshold_metrics": {
        "threshold_0.3": {
          "precision": 0.0,
          "recall": 0.0,
          "accuracy": 0.9785407725321889,
          "f1": 0.0
        },
        "threshold_0.5": {
          "precision": 0.0,
          "recall": 0.0,
          "accuracy": 0.9785407725321889,
          "f1": 0.0
        },
        "threshold_0.7": {
          "precision": 0.0,
          "recall": 0.0,
          "accuracy": 0.9785407725321889,
          "f1": 0.0
        }
      },
      "off_target_tn": 228,
      "off_target_fp": 0,
      "off_target_fn": 5,
      "off_target_tp": 0,
      "off_target_pred_mean": 9.999999406318238e-08,
      "off_target_pred_std": 7.105427357601002e-15,
      "off_target_positive_ratio": 0.02145922746781116,
      "off_target_negative_ratio": 0.9785407725321889
    },
    {
      "total_loss": 0.1572025106138426,
      "on_target_loss": 0.04603910206424189,
      "off_target_loss": 0.22232681588872083,
      "batch_count": 32,
      "on_target_spearman_r": -0.4446640316205534,
      "on_target_spearman_pval": 0.03350834292544247,
      "on_target_pearson_r": -0.5181565880775452,
      "on_target_pearson_pval": 0.011315596536987122,
      "on_target_mae": 0.23791520297527313,
      "on_target_rmse": 0.2825105947221052,
      "on_target_mse": 0.07981223613023758,
      "on_target_pred_mean": 0.5094681978225708,
      "on_target_pred_std": 0.0021047990303486586,
      "on_target_target_mean": 0.4339068830013275,
      "on_target_target_std": 0.2711215615272522,
      "off_target_balanced_accuracy": 0.5,
      "off_target_f1_score": 0.0,
      "off_target_auroc": 0.17456140350877192,
      "off_target_auprc": 0.012743072174392824,
      "off_target_threshold_metrics": {
        "threshold_0.3": {
          "precision": 0.0,
          "recall": 0.0,
          "accuracy": 0.9785407725321889,
          "f1": 0.0
        },
        "threshold_0.5": {
          "precision": 0.0,
          "recall": 0.0,
          "accuracy": 0.9785407725321889,
          "f1": 0.0
        },
        "threshold_0.7": {
          "precision": 0.0,
          "recall": 0.0,
          "accuracy": 0.9785407725321889,
          "f1": 0.0
        }
      },
      "off_target_tn": 228,
      "off_target_fp": 0,
      "off_target_fn": 5,
      "off_target_tp": 0,
      "off_target_pred_mean": 4.499709757510573e-05,
      "off_target_pred_std": 2.6301893740310334e-05,
      "off_target_positive_ratio": 0.02145922746781116,
      "off_target_negative_ratio": 0.9785407725321889
    }
  ]
}