{
  "total_epochs": 42,
  "best_val_loss": 0.007481185130630972,
  "best_model_path": "models\\checkpoints\\best.pt",
  "final_train_loss": 0.017527798115483797,
  "final_val_loss": 0.022586952653490713,
  "train_losses": [
    0.08108787894183246,
    0.08092552583786959,
    0.08110377487074107,
    0.08124286754217219,
    0.0809431371020665,
    0.08092361103381066,
    0.08101878020754712,
    0.0809244331676763,
    0.08092695791379084,
    0.08093486854157786,
    0.08092396519462663,
    0.08092995500069636,
    0.08092175380342499,
    0.0630732524880597,
    0.014431430916842555,
    0.028689650512868377,
    0.012885907318178036,
    0.07342276864563266,
    0.08092702723894879,
    0.08095997096929478,
    0.08093681917547313,
    0.06939947494530221,
    0.010230401892535367,
    0.010525911804122165,
    0.06656781756595484,
    0.04938071553676611,
    0.009025161764494818,
    0.008992224720324538,
    0.0114394490072203,
    0.009558482521626603,
    0.010025238306790155,
    0.018973455033959846,
    0.008466868724858669,
    0.008692365958170535,
    0.008518866037845142,
    0.010399376772921683,
    0.016897448233860354,
    0.008522916149160347,
    0.02408808253457097,
    0.02200516431166084,
    0.012735376340956185,
    0.017527798115483797
  ],
  "val_losses": [
    0.07995847138770451,
    0.07995847138770451,
    0.07995847138770451,
    0.07995847138770451,
    0.07995847138770451,
    0.07995847138770451,
    0.07995847138770451,
    0.07995847138770451,
    0.07995847138770451,
    0.07995847138770451,
    0.07995847138770451,
    0.07995847138770451,
    0.07995847138770451,
    0.009454461148213683,
    0.009839185860920436,
    0.010483955999871607,
    0.009027264708630465,
    0.07995847138770451,
    0.07995847138770451,
    0.07995847138770451,
    0.07995847138770451,
    0.009736401561812269,
    0.010398155342377546,
    0.009086756421843095,
    0.07995847138770451,
    0.008793576794860513,
    0.007481185130630972,
    0.008962663937566322,
    0.007993403391180867,
    0.007938887077320276,
    0.007773076750800719,
    0.008486160676722306,
    0.007581465289811436,
    0.00784482606711579,
    0.008084456112982117,
    0.007750548881106903,
    0.007609373597626758,
    0.009267202500503285,
    0.07995847138770451,
    0.007563874484320035,
    0.007699641540236403,
    0.022586952653490713
  ],
  "on_target_train_losses": [
    0.0,
    0.0,
    0.0,
    0.0,
    0.0,
    0.0,
    0.0,
    0.0,
    0.0,
    0.0,
    0.0,
    0.0,
    0.0,
    0.0,
    0.0,
    0.0,
    0.0,
    0.0,
    0.0,
    0.0,
    0.0,
    0.0,
    0.0,
    0.0,
    0.0,
    0.0,
    0.0,
    0.0,
    0.0,
    0.0,
    0.0,
    0.0,
    0.0,
    0.0,
    0.0,
    0.0,
    0.0,
    0.0,
    0.0,
    0.0,
    0.0,
    0.0
  ],
  "on_target_val_losses": [
    0.0,
    0.0,
    0.0,
    0.0,
    0.0,
    0.0,
    0.0,
    0.0,
    0.0,
    0.0,
    0.0,
    0.0,
    0.0,
    0.0,
    0.0,
    0.0,
    0.0,
    0.0,
    0.0,
    0.0,
    0.0,
    0.0,
    0.0,
    0.0,
    0.0,
    0.0,
    0.0,
    0.0,
    0.0,
    0.0,
    0.0,
    0.0,
    0.0,
    0.0,
    0.0,
    0.0,
    0.0,
    0.0,
    0.0,
    0.0,
    0.0,
    0.0
  ],
  "off_target_train_losses": [
    0.04054393947091623,
    0.040462762918934796,
    0.04055188743537053,
    0.040621433771086096,
    0.04047156855103325,
    0.04046180551690533,
    0.04050939010377356,
    0.04046221658383815,
    0.04046347895689542,
    0.04046743427078893,
    0.04046198259731332,
    0.04046497750034818,
    0.040460876901712496,
    0.03153662624402985,
    0.007215715458421278,
    0.014344825256434188,
    0.006442953659089018,
    0.03671138432281633,
    0.040463513619474395,
    0.04047998548464739,
    0.040468409587736565,
    0.03469973747265111,
    0.0051152009462676834,
    0.005262955902061083,
    0.03328390878297742,
    0.024690357768383055,
    0.004512580882247409,
    0.004496112360162269,
    0.00571972450361015,
    0.0047792412608133016,
    0.005012619153395077,
    0.009486727516979923,
    0.004233434362429334,
    0.004346182979085267,
    0.004259433018922571,
    0.005199688386460842,
    0.008448724116930177,
    0.004261458074580174,
    0.012044041267285486,
    0.01100258215583042,
    0.006367688170478092,
    0.008763899057741898
  ],
  "off_target_val_losses": [
    0.039979235693852255,
    0.039979235693852255,
    0.039979235693852255,
    0.039979235693852255,
    0.039979235693852255,
    0.039979235693852255,
    0.039979235693852255,
    0.039979235693852255,
    0.039979235693852255,
    0.039979235693852255,
    0.039979235693852255,
    0.039979235693852255,
    0.039979235693852255,
    0.004727230574106842,
    0.004919592930460218,
    0.0052419779999358035,
    0.004513632354315233,
    0.039979235693852255,
    0.039979235693852255,
    0.039979235693852255,
    0.039979235693852255,
    0.0048682007809061345,
    0.005199077671188773,
    0.004543378210921547,
    0.039979235693852255,
    0.004396788397430257,
    0.003740592565315486,
    0.004481331968783161,
    0.003996701695590433,
    0.003969443538660138,
    0.0038865383754003594,
    0.004243080338361153,
    0.003790732644905718,
    0.003922413033557895,
    0.0040422280564910585,
    0.0038752744405534515,
    0.003804686798813379,
    0.0046336012502516425,
    0.039979235693852255,
    0.0037819372421600177,
    0.0038498207701182013,
    0.011293476326745357
  ]
}