{
  "total_epochs": 2,
  "best_val_loss": 0.31713440350164,
  "best_model_path": "models\\checkpoints\\best.pt",
  "final_train_loss": 0.049046437568121326,
  "final_val_loss": 0.3587622826452016,
  "train_losses": [
    0.19757060218974898,
    0.049046437568121326
  ],
  "val_losses": [
    0.31713440350164,
    0.3587622826452016
  ],
  "on_target_train_losses": [
    0.10234984889393672,
    0.04783697792845487
  ],
  "on_target_val_losses": [
    0.1507366103323875,
    0.19236448563606245
  ],
  "off_target_train_losses": [
    0.1904415058245228,
    0.0024189187305707627
  ],
  "off_target_val_losses": [
    0.33279558513032304,
    0.33279558513032304
  ]
}