{
  "total_epochs": 5,
  "best_val_loss": 0.05900493714793048,
  "best_model_path": "models\\checkpoints\\best.pt",
  "final_train_loss": 0.06438448660798425,
  "final_val_loss": 0.05900493714793048,
  "train_losses": [
    0.07326636884680243,
    0.06741285509024536,
    0.0662153499008286,
    0.0649562493202386,
    0.06438448660798425
  ],
  "val_losses": [
    0.0667432953061871,
    0.06520470850971338,
    0.06587965747774589,
    0.061357572310351174,
    0.05900493714793048
  ],
  "on_target_train_losses": [
    0.05231261590236339,
    0.04890744321027021,
    0.04806467247218361,
    0.0474210720366931,
    0.047147109635390066
  ],
  "on_target_val_losses": [
    0.04920601489917958,
    0.04775726405288421,
    0.0492584326068336,
    0.04547118600612076,
    0.04400416644412024
  ],
  "off_target_train_losses": [
    0.04190750589823882,
    0.03701082380525941,
    0.03630135489856616,
    0.03507035457910174,
    0.03447475394242482
  ],
  "off_target_val_losses": [
    0.03507456111849935,
    0.034894888766321575,
    0.03324244982977114,
    0.031772772629133535,
    0.030001541377137016
  ]
}