{
  "total_epochs": 2,
  "best_val_loss": 0.07341305760201067,
  "best_model_path": "models\\checkpoints\\best.pt",
  "final_train_loss": 0.010073560735057718,
  "final_val_loss": 0.2518452780929623,
  "train_losses": [
    0.2650882098823786,
    0.010073560735057718
  ],
  "val_losses": [
    0.07341305760201067,
    0.2518452780929623
  ],
  "on_target_train_losses": [
    0.0,
    0.0
  ],
  "on_target_val_losses": [
    0.0,
    0.0
  ],
  "off_target_train_losses": [
    0.5301764197647572,
    0.020147121470115437
  ],
  "off_target_val_losses": [
    0.14682611520402133,
    0.5036905561859246
  ]
}