{
  "train_losses": [
    0.672728613032585,
    0.6731583451398695,
    0.6951970905890594,
    0.6724130780985843,
    0.6723788204672493,
    0.6726416730721215,
    0.6725307951190707,
    0.6725363045006624,
    0.6726447928036347,
    0.680369944487842,
    0.6726318364011461,
    0.6725673074198305,
    0.672615249618687,
    0.6726280535797075,
    0.6726179918508787,
    0.6726351362166464,
    0.6726447968388063,
    0.6723767373846313,
    0.6725803762510406,
    0.672780221092932,
    0.6732195027092363,
    0.6726461911981502,
    0.6726250316835996,
    0.6726462556181663,
    0.6725017079407446,
    0.6726459258716103,
    0.672631487120511,
    0.6726339012660643,
    0.6726408090803617,
    0.6725876398668835,
    0.8581484482201163,
    0.8582533709721147,
    0.858224765307509,
    0.8581667992232718,
    0.85825188233971,
    0.858240448127005,
    0.8583552150119116,
    0.8591455434654496,
    0.8582513252038857,
    0.8582558992441874,
    0.8582488869849194,
    0.8583743764115065,
    0.858209900693456,
    0.8576636355166477,
    0.8582207472213477,
    0.8582257415055375,
    0.8581558212361662,
    0.8585592938358972,
    0.8590333454858615,
    0.8582606971188458,
    0.8582555034703022,
    0.8582367351777659,
    0.8582542828882624,
    0.858219596840609,
    0.8581692721227092,
    0.8550742731629307,
    0.8515264027660251,
    0.8581872851485004,
    0.8582097750969452,
    0.8578287705204157
  ],
  "val_losses": [
    0.6703342691393183,
    0.6703342691393183,
    0.6703342691393183,
    0.6703342691393183,
    0.6703342691393183,
    0.6703342691393183,
    0.6703342691393183,
    0.6703342691393183,
    0.6703342691393183,
    0.6703342691393183,
    0.6703342691393183,
    0.6703342691393183,
    0.6703342691393183,
    0.6703342691393183,
    0.6703342691393183,
    0.6703342691393183,
    0.6703342691393183,
    0.6703342691393183,
    0.6703342691393183,
    0.6703342691393183,
    0.6703342691393183,
    0.6703342691393183,
    0.6703342691393183,
    0.6703342691393183,
    0.6703342691393183,
    0.6703342691393183,
    0.6703342691393183,
    0.6703342691393183,
    0.6703342691393183,
    0.6703342691393183,
    0.6703342691393183,
    0.6703342691393183,
    0.6703342691393183,
    0.6703342691393183,
    0.6703342691393183,
    0.6703342691393183,
    0.6703342691393183,
    0.6703342691393183,
    0.6703342691393183,
    0.6703342691393183,
    0.6703342691393183,
    0.6703342691393183,
    0.6703342691393183,
    0.6703342691393183,
    0.6703342691393183,
    0.6703342691393183,
    0.6703342691393183,
    0.6703342691393183,
    0.6703342691393183,
    0.6703342691393183,
    0.6703342691393183,
    0.6703342691393183,
    0.6703342691393183,
    0.6703342691393183,
    0.6703342691393183,
    0.6703342691393183,
    0.6703342691393183,
    0.6703342691393183,
    0.6703342691393183,
    0.6703342691393183
  ],
  "on_target_spearman": [
    NaN,
    NaN,
    NaN,
    NaN,
    NaN,
    NaN,
    NaN,
    NaN,
    NaN,
    NaN,
    NaN,
    NaN,
    NaN,
    NaN,
    NaN,
    NaN,
    NaN,
    NaN,
    NaN,
    NaN,
    NaN,
    NaN,
    NaN,
    NaN,
    NaN,
    NaN,
    NaN,
    NaN,
    NaN,
    NaN,
    NaN,
    NaN,
    NaN,
    NaN,
    NaN,
    NaN,
    NaN,
    NaN,
    NaN,
    NaN,
    NaN,
    NaN,
    NaN,
    NaN,
    NaN,
    NaN,
    NaN,
    NaN,
    NaN,
    NaN,
    NaN,
    NaN,
    NaN,
    NaN,
    NaN,
    NaN,
    NaN,
    NaN,
    NaN,
    NaN
  ],
  "off_target_auroc": [
    0.5,
    0.5,
    0.5,
    0.5,
    0.5,
    0.5,
    0.5,
    0.5,
    0.5,
    0.5,
    0.5,
    0.5,
    0.5,
    0.5,
    0.5,
    0.5,
    0.5,
    0.5,
    0.5,
    0.5,
    0.5,
    0.5,
    0.5,
    0.5,
    0.5,
    0.5,
    0.5,
    0.5,
    0.5,
    0.5,
    0.5,
    0.5,
    0.5,
    0.5,
    0.5,
    0.5,
    0.5,
    0.5,
    0.5,
    0.5,
    0.5,
    0.5,
    0.5,
    0.5,
    0.5,
    0.5,
    0.5,
    0.5,
    0.5,
    0.5,
    0.5,
    0.5,
    0.5,
    0.5,
    0.5,
    0.5,
    0.5,
    0.5,
    0.5,
    0.5
  ]
}